Product Name,Price,Category,Folder
Almost June Ringtone,0.99,Digital,May in Motion
Bloom Again Ringtone,0.99,Digital,May in Motion
Flowers Still Open Ringtone,0.99,Digital,May in Motion
Heatwave Texts Ringtone,0.99,Digital,May in Motion
Late Checkout Ringtone,0.99,Digital,May in Motion
Only Green Lights Ringtone,0.99,Digital,May in Motion
Soft Weather Ringtone,0.99,Digital,May in Motion
Talk is Cheap Ringtone,0.99,Digital,May in Motion
We Still Know Where We Start Ringtone,0.99,Digital,May in Motion
Window Seat Feelings Ringtone,0.99,Digital,May in Motion
Stay the Night Ringtone,0.99,Digital,May in Motion
Sunset on Repeat Ringtone,0.99,Digital,May in Motion
